market,feature_set,model,planned_runs,completed_runs,failed_runs,running_runs,planned_pending_runs,skipped_runs,divergence_count,divergence_rate,completion_state,runs,seeds_completed,price_rmse_mean,price_rmse_std,price_mae_mean,price_mae_std,rmse_mean,rmse_std,mae_mean,mae_std,training_time_seconds_mean,training_time_seconds_std,inference_time_seconds_mean,inference_time_seconds_std,seeds_beating_persistence,eligible_for_ranking,price_rmse_rank
bist100,close,naive_persistence,5,5,0,0,0,0,0,0.0,complete,5.0,5.0,544.3323490510911,0.0,411.49421664038726,0.0,0.0665400295390244,0.0,0.0510484144439592,0.0,0.0,0.0,0.0,0.0,0.0,True,1.0
bist100,close,lstm_gru,5,5,0,0,0,0,0,0.0,complete,5.0,5.0,559.0554600042566,32.66649752301275,425.06945952750846,21.229870156912753,0.06832004956830302,0.002605950323493543,0.05239161679695122,0.002084680806853837,203.28828722959935,5.013040893683201,0.6741649341975062,0.006800947796535614,2.0,True,2.0
bist100,close,dnfs,5,5,0,0,0,0,0,0.0,complete,5.0,5.0,577.7482765385993,9.014649557819334,428.19489590089233,6.647058329639443,0.06778667402865188,0.0007641479610107128,0.05153420624746872,0.0006913247520527327,240.37090019020235,7.6341135333342445,1.1283147645890492,0.015112191700966175,0.0,True,3.0
bist100,close,mlp,5,5,0,0,0,0,0,0.0,complete,5.0,5.0,681.6998957473114,54.01705584005868,486.2618095033696,47.95650399094106,0.0783244621112249,0.005266035346271983,0.057605862360284574,0.005436630031022213,154.83289344720106,10.079517745183638,0.31533546219889097,0.0032359948385772904,0.0,True,4.0
bist100,close,cnn1d,5,5,0,0,0,0,0,0.0,complete,5.0,5.0,1077.3835875545697,129.46775932167694,676.0374374994024,55.228254913153954,0.1347819864855506,0.021366037148354628,0.08261997416588089,0.008236745678693062,144.0738570378001,3.226031622075134,0.4278830745983214,0.006698787867329361,0.0,True,5.0
bist100,close,linear_regression,5,5,0,0,0,0,0,0.0,complete,5.0,5.0,2272.77389528498,0.0,1136.75616443656,0.0,0.179163532723678,0.0,0.12285488639646189,0.0,0.2501759364008649,0.009310987860702622,0.19817507960033248,0.005449736735379216,0.0,True,6.0
bist100,indicators,naive_persistence,5,5,0,0,0,0,0,0.0,complete,5.0,5.0,544.3323490510911,0.0,411.49421664038726,0.0,0.0665400295390244,0.0,0.0510484144439592,0.0,0.0,0.0,0.0,0.0,0.0,True,1.0
bist100,indicators,dnfs,5,5,0,0,0,0,0,0.0,complete,5.0,5.0,567.2515204546303,14.720739050766346,429.15011254107714,9.91246298603843,0.06850069231868314,0.001202098571160535,0.052726852657038484,0.0011390971009015574,240.41449313620106,14.610993093063563,1.1771257124051773,0.008245695211877754,0.0,True,2.0
bist100,indicators,lstm_gru,5,5,0,0,0,0,0,0.0,complete,5.0,5.0,568.9013101871387,30.091353651087122,428.1815481290879,21.519446848218763,0.06941541577297614,0.0033026599560535687,0.052774934899622816,0.0026074290175661773,216.51413735339992,17.04901453724728,0.7078195719954238,0.003155151728512006,1.0,True,3.0
bist100,indicators,mlp,5,5,0,0,0,0,0,0.0,complete,5.0,5.0,806.077014064249,112.2077631131949,546.8403614700019,73.40895149406934,0.09194709313070736,0.017041297204040417,0.06524878428904904,0.010104199447137162,184.88565492839825,6.9141271220462,0.34503177940532626,0.0035692024412255705,0.0,True,4.0
bist100,indicators,cnn1d,5,5,0,0,0,0,0,0.0,complete,5.0,5.0,1062.0710067311545,120.7769888150011,712.8010159799371,87.57823732889356,0.11509162974339744,0.01848940043148777,0.0824591752733096,0.01074836819933557,148.67005607180107,2.262885051392075,0.44025351040090754,0.0050449165756676455,0.0,True,5.0
bist100,indicators,linear_regression,5,0,5,0,0,0,5,1.0,failed,,,,,,,,,,,,,,,,False,
sp500,close,linear_regression,5,5,0,0,0,5,0,0.0,complete,5.0,5.0,163.81138686816536,0.0,121.80077196485874,0.0,0.032599170592281,0.0,0.0239032286200249,0.0,0.30177001759875566,0.013482993503269265,0.21097155099814696,0.0030202008854703613,5.0,True,1.0
sp500,close,lstm_gru,5,5,0,0,0,5,0,0.0,complete,5.0,5.0,165.31857549687055,0.7685859902337916,120.71499702297777,0.8077722028723283,0.03285780540856272,0.00015984367255816404,0.023684199015618322,0.0001511328555874089,231.07528575179967,13.286896896803736,0.6514491546030513,0.0065261016522832815,5.0,True,2.0
sp500,close,dnfs,5,5,0,0,0,5,0,0.0,complete,5.0,5.0,166.4155009830272,2.246068901811623,121.96112904868332,1.5583787895658496,0.0330020933504313,0.000513543773562245,0.02389709575160142,0.00032143280386904096,276.6569879022016,11.898325920176758,1.0866815135967045,0.006639103504881307,2.0,True,3.0
sp500,close,naive_persistence,5,5,0,0,0,5,0,0.0,complete,5.0,5.0,167.26162855357083,0.0,123.93899043913811,0.0,0.0330813840126051,0.0,0.0242834056877667,0.0,0.0,0.0,0.0,0.0,0.0,True,4.0
sp500,close,mlp,5,5,0,0,0,5,0,0.0,complete,5.0,5.0,168.33074254648653,1.5686069891449608,122.80932217474967,1.3720090279594863,0.03320974300200332,0.0002694563979662191,0.02397910950569664,0.00022972055376708188,156.38635698979994,11.627051645149816,0.3061225824003941,0.0017953299608863885,1.0,True,5.0
sp500,close,cnn1d,5,5,0,0,0,5,0,0.0,complete,5.0,5.0,169.36967055430944,1.2877068073793447,123.33753293489148,1.4229153949567694,0.033509298454552285,0.0002938043690482359,0.02414991278944442,0.00028686355134106953,186.69396555560016,8.410282146289374,0.4459061730040048,0.005971540677817695,0.0,True,6.0
sp500,indicators,cnn1d,5,5,0,0,0,5,0,0.0,complete,5.0,5.0,153.87003017476408,3.1309637751008275,113.72085342735468,2.7972795367166605,0.03053244465617866,0.0006659161219518139,0.022237540390823117,0.0005276017256604306,168.33837653259957,11.844189272623272,0.45832083079544644,0.022349625241313942,5.0,True,1.0
sp500,indicators,lstm_gru,5,5,0,0,0,5,0,0.0,complete,5.0,5.0,163.81411515350055,3.1674948635083546,119.74863054807349,2.10472891400514,0.03259284209859018,0.0005764943624777109,0.0234791762531568,0.00037193957685096506,214.45121341179856,6.101480011350133,0.6818927724043533,0.004223784291749724,4.0,True,2.0
sp500,indicators,dnfs,5,5,0,0,0,4,0,0.0,complete,5.0,5.0,164.5991417112022,5.192138686816272,120.47113937150348,3.348786104326193,0.03236226223076724,0.0010523498143779648,0.02347162993710742,0.0006433884550356147,209.59607586239946,5.687213348499569,1.13209509640119,0.013266834236182563,3.0,True,3.0
sp500,indicators,mlp,5,5,0,0,0,5,0,0.0,complete,5.0,5.0,164.9122448737372,4.50783151380545,120.37307135175259,2.831137338809223,0.03236851171276271,0.0009644290929644505,0.02342739071633888,0.0005464819165826048,174.91293626960078,5.922110180463223,0.33665854519522326,0.004245743211746266,4.0,True,4.0
sp500,indicators,naive_persistence,5,5,0,0,0,5,0,0.0,complete,5.0,5.0,167.26162855357083,0.0,123.93899043913811,0.0,0.0330813840126051,0.0,0.0242834056877667,0.0,0.0,0.0,0.0,0.0,0.0,True,5.0
sp500,indicators,linear_regression,5,5,0,0,0,5,0,0.0,complete,5.0,5.0,170.1262282725961,0.0,128.28220814502131,0.0,0.0334713585849193,0.0,0.0250003212021926,0.0,2.3983378640003137,0.021240779033400294,0.242695707009625,0.005483140797857773,0.0,True,6.0
wig20,close,naive_persistence,5,5,0,0,0,5,0,0.0,complete,5.0,5.0,96.58449377616964,0.0,72.24299454785552,0.0,0.0374572008267641,0.0,0.027871208611061897,0.0,0.0,0.0,0.0,0.0,0.0,True,1.0
wig20,close,lstm_gru,5,5,0,0,0,5,0,0.0,complete,5.0,5.0,98.86293633027381,0.6142961967456425,74.19633891786302,0.5574005841982768,0.03804557877561776,0.00023486266182312787,0.0285419791773401,0.0001931975234059913,180.7274151654009,11.437337416339668,0.52014833960111,0.007461651193376059,0.0,True,2.0
wig20,close,mlp,5,5,0,0,0,5,0,0.0,complete,5.0,5.0,98.94040367195203,3.023144650853038,73.83621753549185,2.096500184667769,0.03817117880355596,0.00086530675294618,0.028431396320021618,0.000699089304646502,90.73597762379995,2.6803711742574468,0.24774584999959184,0.001562608436353431,1.0,True,3.0
wig20,close,cnn1d,5,5,0,0,0,5,0,0.0,complete,5.0,5.0,99.27147242086953,1.6810688490839645,74.05825635771788,1.169038845707979,0.038240080181052225,0.000390703451186319,0.028499415817048263,0.0003509290083007703,116.1528423995999,5.898372287948569,0.3415303896005298,0.007211785429962609,0.0,True,4.0
wig20,close,linear_regression,5,5,0,0,0,5,0,0.0,complete,5.0,5.0,103.04826195835071,0.0,77.02535064785583,0.0,0.0390182732920998,0.0,0.029292787745070305,0.0,0.1779118781998022,0.0023110935184862164,0.15493871320059038,0.003413378455568014,0.0,True,5.0
wig20,close,dnfs,5,5,0,0,0,5,0,0.0,complete,5.0,5.0,104.23365376839585,3.2673865177111234,77.1014309372934,2.723111402985644,0.03994931394812058,0.0016418161269395996,0.029577817988919904,0.0012080373502906438,173.4684785696014,14.50749140800164,0.870113891804067,0.011989970514418198,0.0,True,6.0
wig20,indicators,naive_persistence,5,5,0,0,0,5,0,0.0,complete,5.0,5.0,96.58449377616964,0.0,72.24299454785552,0.0,0.0374572008267641,0.0,0.027871208611061897,0.0,0.0,0.0,0.0,0.0,0.0,True,1.0
wig20,indicators,lstm_gru,5,5,0,0,0,5,0,0.0,complete,5.0,5.0,98.97565499444684,0.3149011167790795,73.8914181810833,0.44784009483643394,0.038198735508977844,0.0001451652140431424,0.0284702782287116,0.00011832434872740581,131.238153648601,7.505882115648765,0.5728909846058741,0.015567325083209408,0.0,True,2.0
wig20,indicators,cnn1d,5,5,0,0,0,5,0,0.0,complete,5.0,5.0,99.8217968873764,1.782683407280399,74.14819645852351,1.1815595421048153,0.03858654768368738,0.0005088833934881339,0.02862078082889024,0.0003966184209275853,136.92394167259926,5.6555327238503414,0.3672880173973681,0.013114101924531503,0.0,True,3.0
wig20,indicators,mlp,5,5,0,0,0,5,0,0.0,complete,5.0,5.0,101.98745399707029,3.0445102501335994,76.01638337131808,2.262804684535582,0.03910117209325172,0.001044766641135389,0.02923104291565846,0.0008747785870914982,71.53926053019977,2.753288338111445,0.28243421000033775,0.01508104183676521,0.0,True,4.0
wig20,indicators,linear_regression,5,5,0,0,0,5,0,0.0,complete,5.0,5.0,102.30108830044568,0.0,76.83841906985836,0.0,0.0385198184553875,0.0,0.029160450756891897,0.0,1.4955758105999621,0.015360031535228162,0.17607638440092613,0.001692165339733116,0.0,True,5.0
wig20,indicators,dnfs,5,5,0,0,0,5,0,0.0,complete,5.0,5.0,103.9471434370648,1.585723723305063,78.19809066865518,2.741226378130141,0.04064401177708268,0.0008375615720217818,0.03028754363506232,0.001036533735805689,137.71485303999924,8.318725098650072,0.9519895788002032,0.04086274422185542,0.0,True,6.0
